Producto,Precio
Memoria RAM ValueRAM 1GB 1 Kingston KVR333X64C3A/1G,19
Mouse Ergonómico Inalambrico Vertical Recargable Laptop Pc,19
Placa Mainboard Lenovo Ideapad 3 Nm-d031 Gs554/454 Intel I7,215
Parlantes Para Computadora Pc Laptop Con Luces Ritmicas 6w,16
Laptop Hp G8 Windows11 Hdmi 15.6 Pulgadas Core I5,425
Espuma Limpiador 650ml Laptops Computadoras Tablet Tapicerí,6
Laptop Dell G15 5520 Gaming 165hz Win11 15.6 Core I7,1.429
Juego De Herramientas 112 Piezas  Laptop Celular Computador,20
Memorias Ram Para Laptop Y Pc De Escritorio Ddr3 Ddr4 4/8gb,23
Memoria Ram Ddr3 Ddr4 4gb 8gb Laptop Pc Kingston Hyper X,23
Ltc Mantenimiento Y Limpieza Computador Pc Laptop Impresora,15
Laptop Asus M415da- 4gb-128 Memoria Interna Tarjeta Grafica,309
Laptop Dell Optiplex 3090 Ultra Thin Form Factor Win 11 Pro,609
Volante Pedal Palanca Juegos Computador Pc Laptop Ps2 Ps3,65
Pasta Térmica Arctic Mx4 20gr 20 Gramos Enfria Cpu Gpu +,29
Computador Portatil Hp 240 G9 Celeron N4500 Ddr4-2933/ 256gb,311
"Mouse Bluetooth, Inalámbrico Recargable Tablet Laptop Pc",15
Mainboard Gateway Gwtn156-1 Gwtn141-4 Ci5-1035g1 16gb Ram,145
Computador Todo En Uno Lenovo-i5-12va Ssd 256+1tb/16gb/led20,575
Ltc Mantenimiento Y Limpieza Computador Pc Laptop Impresora,15
Mouse Ergónomico Vertical Inalambrico Recargable Laptop Pc,13
Estuche Bolso De 13 14 15 16 Para Laptop Macbook Computador,15
Laptop Limpiador Gel Super Clean Para Zonas Difíciles,5
Sopladora Aspiradora Blower 750w Para Computadora Pc Laptop,26
Hp G4 G6 G7 649948-001 Mainboard Amd 638856-001 640223-001,98
Laptop Dell Inspiron Core I7 + 8gb Ram + 256gb Nvme +1tb Hdd,899
Mini Mesa De Computador Portatil Plegable Soporte Laptop,18
Mainboard Lenovo V15 G3 P/n:5b21h70602 Mbl82ts Nok I51235u,240
Mouse Gamer 7 Teclas 1600 Dpi Retroiluminado Pc Laptop,8
Pasta Térmica Arctic Mx4 20gr 20 Gramos Enfria Cpu Gpu +,29
Mini Mesa De Computador Portatil Plegable Soporte Laptop,18
Mouse Bluetooth Tablet Laptop Pc Original Garantía Local,12
Regulador De Voltaje De Computador Laptop 600w 1000va,16
Bluetooth Version 5.0 Tp-link Ub500 Para Pc Laptop,12
Kx Keypad Num Knp-110 Wireless  Otec Idioma No Aplica Color Del Teclado No Aplica,16
Mouse Ergonómico Para Zurdo Vertical Inalámbrico Laptop Pc,12
"Teclado Numerico Usb, Diseño Slim, Laptop Portatil Pc",8
Audífono Con Micrófono Laptop Pc Cómputadora Weilishi W-750,5
Laptop Dell G5 5500 Gaming Core I5 Android,999
Mouse Óptico Klip Xtreme Vortex Inalambrico Pc Notebook Y + Color Negro,15
Mouse Inalambrico Slim 2.4ghz Para Pc Laptop,5
Mainboard Hp 240 G6 Con Procesador  Intel N3060 925425-601,98
Mainboard Lenovo Ideapad 3-15iil05 Intel I3-1005 Motherboard,278
Adaptador/cargador Universal Computadora Portátil 110-240,27
Mainboard Lenovo G40-70 Aclu1/aclu2 Nm-a272 Con Procesad I5,179
"Computadora Portátil, Core I7, 32gb Ram, 512gb Ssd, Nv",696
Lector Grabador De Cd Dvd Rw Drive Usb 2.0 Slim Portable,29
Electrónica Tarjetas Mainboard Laptop Bateria Teclado Pedido,250
Protector Skyn Chilibyte Pb02-02 Laptop Varias Medidas Model,1
Laptop Elitebook Touchscreen Win 10 Pro,709
Ups Estabilizador Regulador 110v 1000va 900w 1.5 Kva 1900 Zx,112
Mantenimiento - Formateo - De Computadores Y Laptop,19
Mesa Para Laptop Plegable Computadora Ergonomica Electronics,29
Mouse Inalambrico Wireless Slim Pc Laptop,4
